firstname,lastname,email,dob,state,country
Erin,Johnson,erin.johnson@hotmail.com,1976-02-16,Sălaj County,Romania
Christopher,James,christopher.james@hotmail.com,1974-01-26,Baie Lazare,Seychelles
Ryan,Rose,ryan.rose@yahoo.com,1949-04-02,Gaza Province,Mozambique
Belinda,Wood,belinda.wood@yahoo.com,1994-11-05,Balzan,Malta
Amanda,Gonzalez,amanda.gonzalez@gmail.com,1976-10-30,Zavrč Municipality,Slovenia
Thomas,Marquez,thomas.marquez@hotmail.com,1961-02-06,Carchi,Ecuador
Kristin,Robinson,kristin.robinson@yahoo.com,1957-04-01,Balvi Municipality,Latvia
Melissa,West,melissa.west@gmail.com,1946-02-20,Đắk Lắk,Vietnam
Edward,Brennan,edward.brennan@hotmail.com,1999-01-03,Orenburg Oblast,Russia
Laura,Wilson,laura.wilson@yahoo.com,1960-02-14,Narok,Kenya
Amanda,Greer,amanda.greer@yahoo.com,1993-04-21,Maryland County,Liberia
Brenda,Ewing,brenda.ewing@hotmail.com,1993-01-15,Békéscsaba,Hungary
Donald,Williams,donald.williams@gmail.com,1967-01-18,Nakhon Sawan,Thailand
Michael,Klein,michael.klein@gmail.com,1989-09-16,Pader District,Uganda
Shelly,Le,shelly.le@hotmail.com,1974-04-16,Madaba,Jordan
Brittney,Willis,brittney.willis@yahoo.com,1944-05-17,Michigan,United States
Robert,Moore,robert.moore@gmail.com,1961-05-15,Zamora,Spain
Amy,Meyer,amy.meyer@gmail.com,1949-11-03,Mqabba,Malta
Nicole,Brown,nicole.brown@hotmail.com,1947-11-01,Peqin District,Albania
Kimberly,Miller,kimberly.miller@gmail.com,1960-04-12,Santa Cruz Department,Bolivia
Elaine,Rosales,elaine.rosales@hotmail.com,1999-06-03,Brindisi,Italy
Joseph,Zamora,joseph.zamora@gmail.com,1997-06-02,Chaiyaphum,Thailand
Cheryl,Tran,cheryl.tran@gmail.com,1978-02-20,Kyotera District,Uganda
Chase,Miller,chase.miller@hotmail.com,1994-10-24,Pangasinan,Philippines
Donald,Smith,donald.smith@gmail.com,1966-03-03,Rangpur District,Bangladesh
Abigail,May,abigail.may@gmail.com,1993-03-23,Kufra District,Libya
Anthony,Sherman,anthony.sherman@yahoo.com,1947-10-21,Pohnpei State,Micronesia
William,Young,william.young@yahoo.com,1959-10-03,Mengeš Municipality,Slovenia
Gerald,Gonzalez,gerald.gonzalez@hotmail.com,1953-08-28,Malatya,Turkey
Paula,Saunders,paula.saunders@hotmail.com,1989-04-08,Nkhotakota District,Malawi
Anthony,Carpenter,anthony.carpenter@hotmail.com,2000-03-17,Marlborough Region,New Zealand
Andrew,Perez,andrew.perez@gmail.com,1945-04-30,Sabha District,Libya
Robert,Coleman,robert.coleman@gmail.com,1985-06-02,Santo Domingo Province,Dominican Republic
Heather,Mejia,heather.mejia@yahoo.com,1971-05-18,Chin State,Myanmar
Randy,Daniels,randy.daniels@yahoo.com,1994-09-20,Gitega Province,Burundi
Jacqueline,Mcconnell,jacqueline.mcconnell@hotmail.com,1992-03-22,Zhytomyrska oblast,Ukraine
Jacob,Richardson,jacob.richardson@gmail.com,1948-08-22,Karviná,Czech Republic
Fred,Hays,fred.hays@hotmail.com,1971-05-24,Baalbek-Hermel,Lebanon
Erin,Perez,erin.perez@yahoo.com,1946-04-07,Central Ostrobothnia,Finland
Megan,Roberts,megan.roberts@yahoo.com,1963-12-29,Lenart Municipality,Slovenia
Tanya,Thornton,tanya.thornton@gmail.com,1999-02-13,Gornja Radgona Municipality,Slovenia
Hailey,Skinner,hailey.skinner@gmail.com,1971-02-26,Surrey,United Kingdom
Steven,Johnson,steven.johnson@yahoo.com,1986-03-13,Rio Grande do Norte,Brazil
Ethan,Santiago,ethan.santiago@hotmail.com,1974-04-23,Bauchi,Nigeria
Julie,Hopkins,julie.hopkins@gmail.com,1946-03-04,Črna na Koroškem Municipality,Slovenia
