firstname,lastname,gender,email,state,country
Thomas,Schultz,F,thomas.schultz@hotmail.com,Chimborazo,Ecuador
Jaime,Carter,M,jaime.carter@hotmail.com,Netrokona District,Bangladesh
Karen,Hoffman,Prefer not to say,karen.hoffman@gmail.com,Plav Municipality,Montenegro
Andrew,Randall,Prefer not to say,andrew.randall@gmail.com,Middle Juba,Somalia
Stephanie,Evans,M,stephanie.evans@gmail.com,Aiwo District,Nauru
Dawn,Stanley,M,dawn.stanley@hotmail.com,Ouargla,Algeria
Ashley,Campbell,F,ashley.campbell@hotmail.com,Wangdue Phodrang District,Bhutan
Kathleen,Johnson,M,kathleen.johnson@gmail.com,Penang,Malaysia
Robin,Cole,F,robin.cole@hotmail.com,Las Tunas Province,Cuba
John,Miller,M,john.miller@gmail.com,London Borough of Barking and Dagenham,United Kingdom
Rebecca,Shaw,Prefer not to say,rebecca.shaw@hotmail.com,Point Fortin,Trinidad And Tobago
Allison,Randall,F,allison.randall@hotmail.com,Ngatpang,Palau
John,Mcdonald,Prefer not to say,john.mcdonald@hotmail.com,Budapest,Hungary
Joel,Oliver,Prefer not to say,joel.oliver@hotmail.com,Malacca,Malaysia
William,Collins,F,william.collins@hotmail.com,Banten,Indonesia
Andrew,Carter,F,andrew.carter@yahoo.com,Daejeon,South Korea
John,Williams,M,john.williams@hotmail.com,Western Cape,South Africa
Mark,Logan,M,mark.logan@yahoo.com,Ky≈çto Prefecture,Japan
David,Taylor,F,david.taylor@hotmail.com,Gorje Municipality,Slovenia
Shirley,Cole,Prefer not to say,shirley.cole@yahoo.com,Kymenlaakso,Finland
Michael,Simpson,M,michael.simpson@gmail.com,Kalangala District,Uganda
Alicia,May,Prefer not to say,alicia.may@gmail.com,Tapoa Province,Burkina Faso
Matthew,Buchanan,Prefer not to say,matthew.buchanan@gmail.com,Tlaxcala,Mexico
Scott,Trujillo,Prefer not to say,scott.trujillo@hotmail.com,Dornod Province,Mongolia
Crystal,Davila,Prefer not to say,crystal.davila@hotmail.com,Haut-Katanga,Democratic Republic of the Congo
Thomas,Miranda,M,thomas.miranda@hotmail.com,Viana do Castelo,Portugal
Dennis,Campbell,F,dennis.campbell@yahoo.com,Sirte District,Libya
William,Acosta,F,william.acosta@hotmail.com,Bahr el Gazel,Chad
Brooke,Smith,F,brooke.smith@yahoo.com,Ilocos Sur,Philippines
Sherri,Rodriguez,M,sherri.rodriguez@hotmail.com,Lyantonde District,Uganda
